<window id="9999">
	<defaultcontrol always="false">200</defaultcontrol>
	<coordinates>
		<system>1</system>
		<posx>385</posx>
		<posy>95</posy>
	</coordinates>
	<include>dialogeffect</include>
	<controls>
		<control type="group">
			<include>VisibleFadeEffect</include>
			<control type="image">
				<description>Background Image</description>
				<posx>0</posx>
				<posy>0</posy>
				<width>510</width>
				<height>530</height>
				<texture border="40">DialogBack2.png</texture>
			</control>
			<control type="image">
				<description>Dialog Header image</description>
				<posx>40</posx>
				<posy>16</posy>
				<width>450</width>
				<height>40</height>
				<texture>dialogheader.png</texture>
			</control>
			<control type="label" id="100">
				<description>header label</description>
				<posx>40</posx>
				<posy>20</posy>
				<width>450</width>
				<height>30</height>
				<font>font13_title</font>
				<label></label>
				<align>center</align>
				<aligny>center</aligny>
				<textcolor>selected</textcolor>
				<shadowcolor>black</shadowcolor>
			</control>
			<control type="button">
				<description>Close Window button</description>
				<posx>420</posx>
				<posy>15</posy>
				<width>64</width>
				<height>32</height>
				<label>-</label>
				<font>-</font>
				<onclick>PreviousMenu</onclick>
				<texturefocus>DialogCloseButton-focus.png</texturefocus>
				<texturenofocus>DialogCloseButton.png</texturenofocus>
				<visible>system.getbool(input.enablemouse)</visible>
			</control>
		</control>
		<control type="group">
			<posx>30</posx>
			<posy>60</posy>
			<control type="label">
				<description>Title Label</description>
				<posx>0</posx>
				<posy>0</posy>
				<width>0</width>
				<height>0</height>
				<label>$ADDON[plugin.video.1channel 30511]</label>
				<align>left</align>
				<font>font12</font>
				<textcolor>blue</textcolor>
				<shadowcolor>black</shadowcolor>
			</control>
			<control type="label">
				<description>Tag Label</description>
				<posx>0</posx>
				<posy>55</posy>
				<width>0</width>
				<height>0</height>
				<label>$ADDON[plugin.video.1channel 30512]</label>
				<align>left</align>
				<font>font12</font>
				<textcolor>blue</textcolor>
				<shadowcolor>black</shadowcolor>
			</control>
			<control type="label">
				<description>Actor Label</description>
				<posx>0</posx>
				<posy>110</posy>
				<width>0</width>
				<height>0</height>
				<label>$ADDON[plugin.video.1channel 30513]</label>
				<align>left</align>
				<font>font12</font>
				<textcolor>blue</textcolor>
			</control>
			<control type="label">
				<description>Director Label</description>
				<posx>0</posx>
				<posy>165</posy>
				<width>0</width>
				<height>0</height>
				<label>$ADDON[plugin.video.1channel 30514]</label>
				<align>left</align>
				<font>font12</font>
				<textcolor>blue</textcolor>
			</control>
			<control type="label">
				<description>Country Label</description>
				<posx>0</posx>
				<posy>220</posy>
				<width>0</width>
				<height>0</height>
				<label>$ADDON[plugin.video.1channel 30515]</label>
				<align>left</align>
				<font>font12</font>
				<textcolor>blue</textcolor>
			</control>
			<control type="label">
				<description>Genre Label</description>
				<posx>0</posx>
				<posy>275</posy>
				<width>0</width>
				<height>0</height>
				<label>$ADDON[plugin.video.1channel 30516]</label>
				<align>left</align>
				<font>font12</font>
				<textcolor>blue</textcolor>
			</control>
			<control type="label">
				<description>Month Label</description>
				<posx>0</posx>
				<posy>330</posy>
				<width>0</width>
				<height>0</height>
				<label>$ADDON[plugin.video.1channel 30517]</label>
				<align>left</align>
				<font>font12</font>
				<textcolor>blue</textcolor>
			</control>
			<control type="label">
				<description>Year Label</description>
				<posx>155</posx>
				<posy>330</posy>
				<width>0</width>
				<height>0</height>
				<label>$ADDON[plugin.video.1channel 30518]</label>
				<align>left</align>
				<font>font12</font>
				<textcolor>blue</textcolor>
			</control>
			<control type="label">
				<description>Decade Label</description>
				<posx>310</posx>
				<posy>330</posy>
				<width>0</width>
				<height>0</height>
				<label>$ADDON[plugin.video.1channel 30519]</label>
				<align>left</align>
				<font>font12</font>
				<textcolor>blue</textcolor>
			</control>
		</control>
		<control type="group" id="9001">
			<control type="button" id="200">
				<description>Search Button</description>
				<posx>50</posx>
				<posy>460</posy>
				<width>200</width>
				<height>40</height>
				<align>center</align>
				<aligny>center</aligny>
				<label>$ADDON[plugin.video.1channel 30034]</label>
				<font>font12_title</font>
				<ondown>201</ondown>
				<onright>201</onright>
			</control>
			<control type="button" id="201">
				<description>Cancel Button</description>
				<posx>260</posx>
				<posy>460</posy>
				<width>200</width>
				<height>40</height>
				<align>center</align>
				<aligny>center</aligny>
				<label>$ADDON[plugin.video.1channel 30510]</label>
				<font>font12_title</font>
				<onup>200</onup>
				<onleft>200</onleft>
			</control>
		</control>
	</controls>
</window>