<?xml version="1.0" encoding="UTF-8"?>
<addon id="plugin.video.adultxxx" version="1.0.2"
       name="Welcome" provider-name="Cheetah Stream">
  <requires>
  	<import addon="xbmc.python" version="2.1.0"/>
  	<import addon="script.module.addon.common" optional="true" />
  </requires>
  <extension point="xbmc.python.script" library="default.py">
    <provides>image</provides>
  </extension>
  <extension point="xbmc.service" library="service.py" start="startup">
  </extension>
  <extension point="xbmc.addon.metadata">
  	<summary>Welcome Screen</summary>
  	<description>First Boot Welcome Screen.</description>
  	  	<language>en</language>
  	<platform>all</platform>
  	<forum>http://forums.cheetahstream.com</forum>
  	<website>http://www.CheetahStream.com</website>
  	<source></source>
  	<email></email>
  </extension>
</addon>
