<fonts>
	<fontset id="Default" unicode="true">
		<font>
			<name>spotimc_font14</name>
			<filename>spotimc.ttf</filename>
			<size>14</size>
		</font>
		<font>
			<name>spotimc_font16</name>
			<filename>spotimc.ttf</filename>
			<size>16</size>
		</font>
		<font>
			<name>spotimc_font18</name>
			<filename>spotimc.ttf</filename>
			<size>18</size>
		</font>
		<font>
			<name>spotimc_font20</name>
			<filename>spotimc.ttf</filename>
			<size>20</size>
		</font>
		<font>
			<name>spotimc_font22</name>
			<filename>spotimc.ttf</filename>
			<size>22</size>
		</font>
		<font>
			<name>spotimc_font24</name>
			<filename>spotimc.ttf</filename>
			<size>24</size>
		</font>
		<font>
			<name>spotimc_font32</name>
			<filename>spotimc.ttf</filename>
			<size>32</size>
		</font>
		<font>
			<name>spotimc_font48</name>
			<filename>spotimc.ttf</filename>
			<size>48</size>
		</font>
		<font>
			<name>spotimc_font60</name>
			<filename>spotimc.ttf</filename>
			<size>60</size>
		</font>
	</fontset>
</fonts>
