<?xml version="1.0" encoding="UTF-8"?>
    <addon id="Cheetah Smart Repo" name="CSRepoV0.1.0" version="0.1.0" provider-name="Cheetah Smart">
        <requires>
            <import addon="xbmc.addon" version="12.0.0"/>
        </requires>
        <extension point="xbmc.addon.repository" name="CSRepoV0.1.0">
            <info compressed="false">https://raw.githubusercontent.com/CheetahStream/CSTest/master/_repo/addons.xml</info>
            <checksum>https://raw.githubusercontent.com/CheetahStream/CSTest/master/_repo/addons.xml.md5</checksum>
            <datadir zip="true">https://raw.githubusercontent.com/CheetahStream/CSTest/master/_repo/</datadir>
            <hashes>false</hashes>
        </extension>
        <extension point="xbmc.addon.metadata">
            <summary>Official Repo for Cheetah Smart TV Boxes</summary>
            <description>The description can be longer. Using [CR] you can create a newline. The use of other markup is not advised.</description>
            <platform>all</platform>
    </extension>
</addon>
