<?xml version="1.0" encoding="UTF-8"?>
<addon id="plugin.program.xbmchub.notifications" version="1.0.2"
       name="Notifications" provider-name="Cheetah Stream">
  <requires>
  	<import addon="xbmc.python" version="2.1.0"/>
  	<import addon="script.module.addon.common" optional="true" />
  </requires>
  <extension point="xbmc.python.script" library="default.py">
    <provides>executable</provides>
  </extension>
  <extension point="xbmc.service" library="service.py" start="startup">
  </extension>
  <extension point="xbmc.addon.metadata">
  	<summary>Cheetah Stream News</summary>
  	<description>Receive Important Notifications from the Cheetah Stream Team (Unsubscribe within Add-on Settings).</description>
  	<disclaimer>We take no responsibility for any problems this plugin might in any way, form, shape or size cause.</disclaimer>
  	<language>en</language>
  	<platform>all</platform>
  	<forum>http://forums.cheetahstream.com</forum>
  	<website>http://www.cheetahstream.com</website>
  	<source></source>
  	<email></email>
  </extension>
</addon>
